ID,Label,Type,Geslacht,Geboortedatum
Q98322098,Cyriel Delaere,Persoon,mannelijk,1861
Q125394996,Virginie Nyffels,Persoon,vrouwelijk,1825
Q123717111,Henri Dufour,Persoon,mannelijk,1853
Q118732552,Hortense Delbaere,Persoon,vrouwelijk,1842
Q115818151,Victor Beheyt,Persoon,mannelijk,1852
Q118766019,William Woodlock,Persoon,mannelijk,1801
Q2306925,Joseph-Olivier Andries,Persoon,mannelijk,1796
Q123689972,Camillus Delaere,Persoon,mannelijk,1860
Q120651810,René-François Flahault,Persoon,mannelijk,1838
Q120176244,Jan De Neve,Persoon,mannelijk,1836
Q117229566,Maria Philomena D'Hondt,Persoon,vrouwelijk,1838
Q115839353,Eduard Verraes,Persoon,mannelijk,1829
Q2638823,Alfons Janssens,Persoon,mannelijk,1841
Q4423628,Remi Ghesquiere,Persoon,mannelijk,1866
Q1950196,Karel Callebert,Persoon,mannelijk,1837
Q118289639,Katharine Woodlock,Persoon,vrouwelijk,1837
Q120727152,Jan Hendrik Loosveldt,Persoon,mannelijk,1835
Q115834833,Arthur Maria Gustavus Florimond Plettinck,Persoon,mannelijk,1861
Q115815004,Hendrik Mortier,Persoon,mannelijk,1835
Q2617184,Karel De Flou,Persoon,mannelijk,1853
Q115980136,Joannes Catulle,Persoon,mannelijk,1835
Q123741345,Julius Pieter Lodewijk Vantomme,Persoon,mannelijk,1811
Q115839380,Carolus Surmont,Persoon,mannelijk,1835
Q115819047,Constant Van Coillie,Persoon,mannelijk,1854
Q981444,Hugo Verriest,Persoon,mannelijk,1840
Q122818902,Bertha Wachowsky,Persoon,vrouwelijk,1843
Q122818902,Bertha Wachowsky,Persoon,vrouwelijk,1943
Q784390,Paul Alberdingk Thijm,Persoon,mannelijk,1827
Q2779054,Leonard Lodewijk De Bo,Persoon,mannelijk,1826
Q120897770,Armand Valcke,Persoon,mannelijk,1847
Q115829623,Bruno De Splenter,Persoon,mannelijk,1835
Q122842403,Augusta Lewis Bampfield,Persoon,vrouwelijk,1825
Q115840920,Augustus Declerc,Persoon,mannelijk,1831
Q115831509,Joseph Gezelle,Persoon,mannelijk,1840
Q2481707,Amand de Vos,Persoon,mannelijk,1840
Q115808465,Emile Vandale,Persoon,mannelijk,1839
Q822307,Bernard Bernard,Persoon,mannelijk,1821
Q115840228,Hendrik Prévost,Persoon,mannelijk,1834
Q2491266,Johan Winkler,Persoon,mannelijk,1840
Q120191174,Felix De Nolf,Persoon,mannelijk,
Q1707941,Joseph Ryelandt,Persoon,mannelijk,1870
Q119013806,Aloïs Van de Pitte,Persoon,mannelijk,1859
Q122872579,Jules Alphonse Marie Ghislain Verest,Persoon,mannelijk,1858
Q115835763,Gustaaf Van de Putte,Persoon,mannelijk,1853
Q122801530,Pauline Rosalie Bruneel,Persoon,vrouwelijk,1820
Q20604626,J.H.J. van Wageningen thoe Dekema,Persoon,mannelijk,1860
Q115841074,Julius Bouten,Persoon,mannelijk,1859
Q1286149,Frederick William Faber,Persoon,mannelijk,1814
Q123722465,Renaat Joye,Persoon,mannelijk,1862
Q115820636,Edmond Neut,Persoon,mannelijk,1841
Q119039938,Francis Lawrence Weale,Persoon,mannelijk,1855
Q125472922,Robert John Stanislaw Edmonstone,Persoon,mannelijk,1844
Q120973166,Alfons Van Doorne,Persoon,mannelijk,1849
Q1851297,Léon van Ockerhout,Persoon,mannelijk,1829
Q115821474,Juliaan Fové,Persoon,mannelijk,1863
Q115832532,Jules Perquy,Persoon,mannelijk,1870
Q18655152,Napoleon de Pauw,Persoon,mannelijk,1835
Q115825488,Augustin Frutsaert,Persoon,mannelijk,1822
Q120973922,Petrus Josephus Maria Van Doorne,Persoon,mannelijk,
Q115836962,Edmond Soenen,Persoon,mannelijk,1845
Q116510419,Colette Virginie Parvost,Persoon,vrouwelijk,1818
Q115982485,Franciscus Boudeweel,Persoon,mannelijk,1838
Q1149378,"Charlotte Fitzalan-Howard, Duchess of Norfolk",Persoon,vrouwelijk,1788
Q115837593,Constantin Thoma,Persoon,mannelijk,1836
Q120471627,William Thompson,Persoon,mannelijk,
Q116620833,Maria De Bo,Persoon,vrouwelijk,1828
Q118998340,Leopold Pycke,Persoon,mannelijk,1839
Q2675588,Alfons Mervillie,Persoon,mannelijk,1856
Q3164253,Jean-Baptiste Malou,Persoon,mannelijk,1809
Q7790140,Thomas Grant,Persoon,mannelijk,1816
Q117246934,Mary Ann Walton,Persoon,vrouwelijk,1839
Q116621244,Maria Josepha Augusta Van Doorne,Persoon,vrouwelijk,1840
Q7343011,Robert Coffin,Persoon,mannelijk,1819
Q115837633,Louis Vanheule,Persoon,mannelijk,1815
Q123413906,Séraphine Cathérine De Wulf,Persoon,vrouwelijk,1810
Q55770641,Jozef Gezelle,Persoon,mannelijk,1867
Q120552708,Jules De Meester,Persoon,mannelijk,1857
Q115817390,Victor Lanssen,Persoon,mannelijk,1844
Q116679969,Emiel De Visschere,Persoon,mannelijk,1861
Q55911879,Désiré Claes,Persoon,mannelijk,1836
Q115817263,René van Honsebrouck,Persoon,mannelijk,1845
Q122884757,Cyril James Weale,Persoon,mannelijk,1857
Q110039252,Henri Delbar,Persoon,mannelijk,1833
Q117246862,Augusta Maria Mathildis Vyncke,Persoon,vrouwelijk,1860
Q122801933,Rafaël Debo,Persoon,mannelijk,1859
Q120442396,Edouard François Huys,Persoon,mannelijk,1822
Q41885755,Karel Heynderickx,Persoon,mannelijk,1875
Q125257906,Pierre Joseph Deraedt,Persoon,mannelijk,
Q117244211,Dymphna Gezelle,Persoon,vrouwelijk,1873
Q120199426,Henry Edwin Harford,Persoon,mannelijk,1837
Q125361599,Marion Violet Thomas,Persoon,vrouwelijk,1849
Q15982596,Pieter Jan Gezelle,Persoon,mannelijk,1791
Q123689724,Joannes De Neve,Persoon,mannelijk,1821
Q116621725,Maria Constantia Gezelle,Persoon,vrouwelijk,1801
Q113675636,Robrecht Willaert,Persoon,mannelijk,1840
Q3346571,Henri Nolf,Persoon,mannelijk,1818
Q56036023,Eugène Cortyl,Persoon,mannelijk,1846
Q2413334,Max Rooses,Persoon,mannelijk,1839
Q970833,Karel Frans Stallaert,Persoon,mannelijk,1820
Q3171149,Jean Casier,Persoon,mannelijk,1820
Q5983066,Ian Theodor Beelen,Persoon,mannelijk,1807
Q13575367,Edmond Denys,Persoon,mannelijk,1865
Q322106,Walter William Skeat,Persoon,mannelijk,1835
Q55420570,Julius Leroy,Persoon,mannelijk,1858
Q3032807,Henri Rommel,Persoon,mannelijk,1847
Q2182589,Pieter Busschaert,Persoon,mannelijk,1840
Q2361397,Frans De Cort,Persoon,mannelijk,1834
Q17428533,Jules Lammens,Persoon,mannelijk,1822
Q2524668,Adolf Duclos,Persoon,mannelijk,1841
Q57197744,Eugeen-Karel Van Steenkiste,Persoon,mannelijk,1841
Q2050293,Alfons Van Hee,Persoon,mannelijk,1846
Q2627945,Isidoor Teirlinck,Persoon,mannelijk,1851
Q2065109,Ferdinand Vanderhaeghen,Persoon,mannelijk,1830
Q61506427,Joseph Herreboudt,Persoon,mannelijk,1841
Q2183646,Emiel Lauwers,Persoon,mannelijk,1858
Q2490990,Auguste Reynaert,Persoon,mannelijk,1833
Q3080591,Ernest Marie Joseph Martin Michel van Caloen,Persoon,mannelijk,1859
Q970036,Amand Neut,Persoon,mannelijk,1812
Q4865289,Bartholomew Woodlock,Persoon,mannelijk,1819
Q2672741,Jean-Baptiste de Bethune jr.,Persoon,mannelijk,1853
Q13429634,Angelus August Eugeen Angillis,Persoon,mannelijk,1830
Q3515115,Pol de Mont,Persoon,mannelijk,1857
Q13576607,Emiel Demonie,Persoon,mannelijk,1846
Q56174577,Charles Alban Buckler,Persoon,mannelijk,1824
Q2360599,Antoon Jozef Witteryck,Persoon,mannelijk,1865
Q2360914,Edward Gailliard,Persoon,mannelijk,1841
Q11029222,Hendrik Pickery,Persoon,mannelijk,1828
Q14331462,Seraphijn Dequidt,Persoon,mannelijk,1858
Q56036026,Taco Hajo de Beer,Persoon,mannelijk,1838
Q661733,Charles Gillès de Pelichy,Persoon,mannelijk,1872
Q75320317,Maurice Denis Kavanagh,Persoon,mannelijk,1825
Q75320317,Maurice Denis Kavanagh,Persoon,mannelijk,1843
Q4722117,Adolf Lootens,Persoon,mannelijk,1835
Q721772,Jules Vandenpeereboom,Persoon,mannelijk,1843
Q1920135,Jan Bols,Persoon,mannelijk,1842
Q56036067,Lodewijk Willem Schuermans,Persoon,mannelijk,1821
Q2154331,Caesar Gezelle,Persoon,mannelijk,1875
Q43129301,Jacobus Augustinus de Rijk,Persoon,mannelijk,1831
Q64727835,Macarios Haddad,Persoon,mannelijk,1810
Q62117109,Antoon Verwaetermeulen,Persoon,mannelijk,1870
Q80079104,Victor Huys,Persoon,mannelijk,1829
Q5026719,Camillus Paul Maes,Persoon,mannelijk,1846
Q2754460,Prosper Antoine Van Langendonck,Persoon,mannelijk,1862
Q354052,Jean-Baptiste Bethune,Persoon,mannelijk,1821
Q3450211,Arthur De Schrevel,Persoon,mannelijk,1850
Q2266893,Jan Ferguut,Persoon,mannelijk,1835
Q28584401,Pierre Nicolas Croquison,Persoon,mannelijk,1806
Q2100582,Alfons De Cock,Persoon,mannelijk,1850
Q62080181,Ernest Rembry,Persoon,mannelijk,1835
Q1978794,Joseph Alberdingk Thijm,Persoon,mannelijk,1820
Q2099446,Amaat Joos,Persoon,mannelijk,1855
Q75320316,Mary Constantia Clifford,Persoon,vrouwelijk,1825
Q3531475,Johan De Stoop,Persoon,mannelijk,1824
Q2190493,Gustaaf Verriest,Persoon,mannelijk,1843
Q43140929,Adolf Pauwels,Persoon,mannelijk,1864
Q2332586,Alexis De Carne,Persoon,mannelijk,1848
Q20902162,Louise Gezelle,Persoon,vrouwelijk,1834
Q23895006,Jan Willem Brouwers,Persoon,mannelijk,1831
Q2677198,Jules Lagae,Persoon,mannelijk,1862
Q975292,Jan Van Beers,Persoon,mannelijk,1821
Q764378,August Vermeylen,Persoon,mannelijk,1872
Q3557112,Victor Alexis dela Montagne,Persoon,mannelijk,1854
Q2539969,Alfons Siffer,Persoon,mannelijk,1850
Q75279907,Mary Isabel Lucy Dormer,Persoon,vrouwelijk,1842
Q45029767,Jakob Muyldermans,Persoon,mannelijk,1855
Q2658862,Auguste Van Speybrouck,Persoon,mannelijk,1843
Q7190386,Jean Joseph Loiseaux,Persoon,mannelijk,1815
Q2215154,August Cuppens,Persoon,mannelijk,1862
Q2606766,Gerard van Caloen OSB,Persoon,mannelijk,1853
Q2129415,Albéric Goethals,Persoon,mannelijk,1843
Q2546317,Eugeen van Oye,Persoon,mannelijk,1840
Q5006521,Charles Hodgson Fowler,Persoon,mannelijk,1840
Q377071,Edgar Tinel,Persoon,mannelijk,1854
Q2770967,Felix Achille de Bethune,Persoon,mannelijk,1824
Q1896762,Paul Kiroul,Persoon,mannelijk,1873
Q2163210,Jean van Ruymbeke,Persoon,mannelijk,1846
Q87648661,Hendrik Brinck,Persoon,mannelijk,1830
Q719358,Theophiel Coopman,Persoon,mannelijk,1852
Q29019503,Willem De Vreese,Persoon,mannelijk,1869
Q100534520,Adolf Verriest,Persoon,mannelijk,1830
Q28973666,Lodewijk Roersch,Persoon,mannelijk,1831
Q5580544,Adrianus Bogaers,Persoon,mannelijk,1795
Q2203619,Camille Looten,Persoon,mannelijk,1855
Q115806479,Jules Joye,Persoon,mannelijk,1868
Q115834873,Joannes Spillemaeckers,Persoon,mannelijk,1857
Q115838563,Felix Verstraete,Persoon,mannelijk,1819
Q115827506,Isidoor Van Cleemput,Persoon,mannelijk,1851
Q115818718,Theophiel Goethals,Persoon,mannelijk,1843
Q117227040,Emily Jane Martin,Persoon,vrouwelijk,1840
Q115811334,Joseph Samyn,Persoon,mannelijk,1854
Q115818424,Achiel Piepers,Persoon,mannelijk,1871
Q115839320,Edouardus Vyncke,Persoon,mannelijk,1822
Q115830433,Antoine Wemaer,Persoon,mannelijk,1812
Q116508674,Savina L.J. van Caloen-de Gourcy,Persoon,vrouwelijk,1825
Q118136722,Pieter Benoit,Persoon,mannelijk,1820
Q115827696,Henricus Blancke,Persoon,mannelijk,1840
Q115818849,Isidoor Hemeryck,Persoon,mannelijk,1843
Q115852702,Mathilde Germonprez,Persoon,vrouwelijk,1838
Q115834690,Aimé Lagae,Persoon,mannelijk,1806
Q115823355,Augustus Rodts,Persoon,mannelijk,1857
Q113486838,Emilie van Outryve d'Ydewalle,Persoon,vrouwelijk,1826
Q115823191,Vincent Lefere,Persoon,mannelijk,1862
Q115308515,Bruno Vander Stichele,Persoon,mannelijk,1862
Q115979996,Karel De Backer,Persoon,mannelijk,1841
Q115819088,Karel Legein,Persoon,mannelijk,1837
Q115980044,Isidoor Verdoodt,Persoon,mannelijk,1863
Q115811922,Franciscus Benoot,Persoon,mannelijk,1833
Q117227189,Léonie Pauline Marie Bersou,Persoon,vrouwelijk,1855
Q117229438,Elodie De Beer,Persoon,vrouwelijk,1858
Q115818861,Arthur Lewylle,Persoon,mannelijk,1860
Q115829884,Theophilus Roucourt,Persoon,mannelijk,1834
Q115813555,Gustaaf Janssens,Persoon,mannelijk,1858
Q117264774,Hélène Janssens,Persoon,vrouwelijk,1882
Q115839946,Jacobus Vanden Berghe,Persoon,mannelijk,1801
Q115855636,Febronie Lemettre,Persoon,vrouwelijk,1843
Q115839975,Joannes Vandenweghe,Persoon,mannelijk,1848
Q115839965,Hendrik Vandendriessche,Persoon,mannelijk,1839
Q115842281,Angelus Dumelie,Persoon,mannelijk,1834
Q115840234,Camiel Roelandts,Persoon,mannelijk,1835
Q115840173,Hendrik Van Witberghe,Persoon,mannelijk,1843
Q113731929,Jean Scherpereel,Persoon,mannelijk,1806
Q115831039,Amandus Devloo,Persoon,mannelijk,1856
Q115807960,Remigius De Ryckere,Persoon,mannelijk,1837
Q115844249,Rosalia Verstraete,Persoon,vrouwelijk,1827
Q116688354,Margareta Laura Augusta Lassence,Persoon,vrouwelijk,1857
Q115834834,Desideer Meersseman,Persoon,mannelijk,1828
Q115820635,Alfred Neut,Persoon,mannelijk,1845
Q115981931,Florimond Vanden Bulcke,Persoon,mannelijk,1853
Q117244772,Marie Antoinette Descamps,Persoon,vrouwelijk,1854
Q115981938,Felix Degrendel,Persoon,mannelijk,1836
Q115815697,Aloysius De Visschere,Persoon,mannelijk,1853
Q113925472,Edward Van Robays,Persoon,mannelijk,1855
Q115815852,Emiel De Brabandere,Persoon,mannelijk,1841
Q116621552,Mathilde Catteeuw,Persoon,vrouwelijk,1856
Q116659577,Maria Josepha Gezelle,Persoon,vrouwelijk,1790
Q116508871,Helena Amelia Walton,Persoon,vrouwelijk,1838
Q115825992,Emile Tillieux,Persoon,mannelijk,1860
Q115846413,Julia Van Renterghem,Persoon,vrouwelijk,1848
Q115821481,Laurentius Dehulster,Persoon,mannelijk,1844
Q116672748,Marie Elise Amandine Lateur,Persoon,vrouwelijk,1866
Q115836854,Leo Vandorpe,Persoon,mannelijk,1851
Q116510998,Mary Anne Macdaniel,Persoon,vrouwelijk,1819
Q115835025,Louise Joséphine Doyen,Persoon,vrouwelijk,1835
Q115821483,Aloïs Baelen,Persoon,mannelijk,1839
Q113466955,Cordelia Van de Wiele,Persoon,vrouwelijk,1840
Q115982426,Honoratus Van Wezemael,Persoon,mannelijk,1854
Q111336261,Karel Van De Vyvere,Persoon,mannelijk,1852
Q115821479,Honoré Cardoen,Persoon,mannelijk,1871
Q116620937,Julienne Elise Van De Wiele,Persoon,vrouwelijk,1826
Q116621363,Mary Margaret Weale,Persoon,vrouwelijk,1869
Q116620739,Catherine de Kyvere,Persoon,vrouwelijk,1833
Q116621407,Octavie Petyt,Persoon,vrouwelijk,1852
Q116621487,Catharine Macdaniel,Persoon,vrouwelijk,1815
Q115826199,Modest Delplace,Persoon,mannelijk,1832
Q115844439,Gustaaf Carton,Persoon,mannelijk,1832
Q115979130,Augustinus De Geetere,Persoon,mannelijk,1839
Q111342238,Karel Beyaert,Persoon,mannelijk,1848
Q116620896,Zulma De Bo,Persoon,vrouwelijk,1866
Q116509131,Marie-Sophie Deschryver,Persoon,vrouwelijk,1829
Q116508893,Justine Van De Velde,Persoon,vrouwelijk,1810
Q110039191,Alfons Dassonville,Persoon,mannelijk,1860
Q115831295,Karel Foulon,Persoon,mannelijk,1827
Q115822210,Raymond Muyldermans,Persoon,mannelijk,1864
Q115826830,Benedictus Goeman,Persoon,mannelijk,1854
Q115979048,Petrus Baelden,Persoon,mannelijk,1830
Q116522102,Sidonie Mahieu,Persoon,vrouwelijk,1838
Q115844668,Leonardus Vandemaele,Persoon,mannelijk,1840
Q110039170,Leonardus Nuttin,Persoon,mannelijk,1822
Q115839088,August Laporta,Persoon,mannelijk,1864
Q115818168,August Hoflack,Persoon,mannelijk,1852
Q115838249,Gustaf Vandendries,Persoon,mannelijk,1857
Q117246781,Louise Sidonie Vervaet,Persoon,vrouwelijk,1836
Q116621811,Marguerite Marie Josephine Sonck,Persoon,vrouwelijk,1882
Q116621699,Maria Magdalena Gezelle,Persoon,vrouwelijk,1878
Q118120867,Edmond De Plancke,Persoon,mannelijk,1842
Q118120903,Louis De Plancke,Persoon,mannelijk,1869
Q116621789,Eugénie De Neve,Persoon,vrouwelijk,1845
Q117226377,Emma Crombet,Persoon,vrouwelijk,1835
Q115811038,Emile Dambre,Persoon,mannelijk,1839
Q115838569,Jerôme Vervaeke,Persoon,mannelijk,1860
Q120733873,Johannes-Désiré Minnaert,Persoon,mannelijk,1847
Q123414143,Eugenie Marie Delbaere,Persoon,vrouwelijk,1854
Q125819387,Louis Vander Heyde,Persoon,mannelijk,1841
Q125365561,Sophie Marie Louise de Robiano,Persoon,vrouwelijk,1835
Q122963358,Edouard Amand Justin Marie Neut,Persoon,mannelijk,1843
Q125538145,Patrick Joseph Ryan,Persoon,mannelijk,1800
Q125490771,Alexandre Marie Ghislain Gillès de Pélichy,Persoon,mannelijk,1844
Q120164850,Arthur Robinson,Persoon,mannelijk,1814
Q125544971,Vitalis Jerome Joannes Trogh,Persoon,mannelijk,1844
Q120913841,François Auguste Van Costenoble,Persoon,mannelijk,1821
Q123050504,Leonida Euphrasia Demonie,Persoon,vrouwelijk,1835
Q120729190,Camiel-Hector Marichal,Persoon,mannelijk,1860
Q120855780,Lucy Weguelin,Persoon,vrouwelijk,1839
Q125859018,Elvina Marie Verbeke,Persoon,vrouwelijk,1847
Q119013626,Joseph Van Damme,Persoon,mannelijk,1856
Q125352256,Ernestine Francisca Marie Van Langermeersch,Persoon,vrouwelijk,1853
Q120550899,Eduard De Jonghe,Persoon,mannelijk,1826
Q119625198,Hippoliet Verhulst,Persoon,mannelijk,
Q119627464,Louis Lorthioir,Persoon,mannelijk,
Q119011751,Jan van Damme,Persoon,mannelijk,1863
Q125491053,Jules Huysentruyt,Persoon,mannelijk,1841
Q122754021,Félicie Marie Heldenbergh,Persoon,vrouwelijk,1864
Q122963909,Eduardus Edmondus Van Wtberghe,Persoon,mannelijk,1838
Q120718341,Edmond Amand Constant Lecompte,Persoon,mannelijk,1864
Q125275288,Ernestine De Seille,Persoon,vrouwelijk,1833
Q123399443,Carolina Theresia Lefebvre,Persoon,vrouwelijk,1812
Q122830932,Catherine Hart,Persoon,vrouwelijk,1823
Q122779793,Delphine Frederica Marie Blancke,Persoon,vrouwelijk,1847
Q122831276,Amélie Frère,Persoon,vrouwelijk,1840
Q122964092,Franciscus Augustus Van Wtberghe,Persoon,mannelijk,1830
Q119217748,Edward Vlietinck,Persoon,mannelijk,1864
Q122903266,Spencer Francis Smith,Persoon,mannelijk,1863
Q119621396,Alfons Steinmetz,Persoon,mannelijk,1838
Q125257556,Marie Bert,Persoon,vrouwelijk,1842
Q125334130,Marie Sophie Devys,Persoon,vrouwelijk,1846
Q122775600,Caroline Harriet Locke,Persoon,vrouwelijk,1850
Q125306156,Adelaida Antonia Vuylsteke,Persoon,vrouwelijk,1825
Q122831483,Emilie Marie Justine Demonie,Persoon,vrouwelijk,1856
Q125257816,Jeannette Marie Rosseeuw,Persoon,vrouwelijk,1860
Q121002664,Joseph Karel Lodewijk Van Impe,Persoon,mannelijk,1855
Q120855316,Ernest Albin Smith,Persoon,mannelijk,1844
Q118732528,Pierre Laigneil,Persoon,mannelijk,1842
Q123050649,Ann Jordan,Persoon,vrouwelijk,1831
Q125541827,Heinrich Hubert Schmitz,Persoon,mannelijk,1835
Q122791049,Emfrentiana De Backere,Persoon,vrouwelijk,1843
Q120491424,John Crawley,Persoon,mannelijk,
Q122794969,Marie Stéphanie Vantomme,Persoon,vrouwelijk,1852
Q123416923,Katarina Vanhoenacker,Persoon,vrouwelijk,1807
Q120555811,Charles-Jean De Mulié,Persoon,mannelijk,1812
Q123050722,Mathilde Sophie Theresia Renodeyn,Persoon,vrouwelijk,1839
Q120884878,Pieter Jan Timmerman,Persoon,mannelijk,1838
Q125351679,Félix Pierre Victor Raikem,Persoon,mannelijk,1846
Q126113249,Domenico Pisani,Persoon,mannelijk,1841
Q120556695,Eugène Charles Jean Valentin de Peñaranda,Persoon,mannelijk,1839
Q119013873,Achiel Van de Putte,Persoon,mannelijk,1868
Q119040262,Leon Auguste Joseph Marie Verhoef,Persoon,mannelijk,1866
Q119699762,René Frans Adriaens,Persoon,mannelijk,1855
Q120920568,Victor Van De Kerckhove,Persoon,mannelijk,
Q123422368,Catherine O'Farrell,Persoon,vrouwelijk,1869
Q119040354,Charles Joseph Vercauteren,Persoon,mannelijk,1806
Q125353522,Julie Romanie Verbauwhede,Persoon,vrouwelijk,1853
Q122842009,Grace Sherrington,Persoon,vrouwelijk,1838
Q120999304,Augustijn Van Heuverswyn,Persoon,mannelijk,1859
Q118733026,Domenico Macry Correale,Persoon,mannelijk,1859
Q120556534,Desiderius De Pau,Persoon,mannelijk,1853
Q120920666,P. F. Van De Meulebroucke,Persoon,mannelijk,1823
Q125365215,Flora Maria Mastraeten,Persoon,vrouwelijk,1837
Q123416074,Henri Delbaere,Persoon,mannelijk,1838
Q120900509,Emile Florimond Herman Van Biervliet,Persoon,mannelijk,1851
Q122884053,Bernard Joseph Weale,Persoon,mannelijk,1865
Q120793054,Cuthbert Robinson,Persoon,mannelijk,1842
Q119797432,Julianus Maria Isidorus Blancke,Persoon,mannelijk,1844
Q120639934,August Delbaere,Persoon,mannelijk,1847
Q120248482,Thomas Harrison Sale,Persoon,mannelijk,1841
Q119003821,Louis Judocus Rooms,Persoon,mannelijk,1865
Q119729450,Alfons Algoet,Persoon,mannelijk,1847
Q120999228,Jozef Van Heffen,Persoon,mannelijk,1828
Q123606015,Marie Julie Eugénie Goddyn,Persoon,vrouwelijk,1852
Q118495679,Joannes Alberdingk,Persoon,mannelijk,1788
Q119041487,Joseph Louis Van Heede,Persoon,mannelijk,1862
Q122903342,Edith-Cathare Smith,Persoon,vrouwelijk,1869
Q120640333,Charles Denys,Persoon,mannelijk,
Q118555164,Leo Lodewijk Hubert Simons,Persoon,mannelijk,1857
Q122971839,Arthur Jean Botte,Persoon,mannelijk,1865
Q125359350,Julie Lievrouw,Persoon,vrouwelijk,1839
Q123600982,Cathérine Joséphine Mesnage,Persoon,vrouwelijk,1839
Q118175361,Marcel Van Dromme,Persoon,mannelijk,1870
Q123052123,Eugénie Barbe Peel,Persoon,vrouwelijk,1806
Q122833200,Octavie Van Gillewe,Persoon,vrouwelijk,1836
Q119041387,Karel Lodewijk Van Raes,Persoon,mannelijk,1887
Q119794240,Hendrik Berghman,Persoon,mannelijk,1841
Q125341815,Juliana Decloedt,Persoon,vrouwelijk,1858
Q122987963,Paul Van Dorpe,Persoon,mannelijk,1853
Q125282135,Ernest Edouard Marie Eeman,Persoon,mannelijk,
Q120333083,Petrus Ludovicus Dessein,Persoon,mannelijk,1811
Q122798023,Maria Ida Jacobina Daerden,Persoon,vrouwelijk,1861
Q125359798,Marie Philomene Van Walleghem,Persoon,vrouwelijk,1837
Q120489194,Julius Burrick,Persoon,mannelijk,1858
Q119794988,Louis Beyaert-Defoort,Persoon,mannelijk,1817
Q120493880,Jan Frans De Block,Persoon,mannelijk,1858
Q3067739,Joaquim Rubió i Ors,Persoon,mannelijk,1818
Q3538623,Charles van Caloen,Persoon,mannelijk,1815
Q2087117,René Vermandere,Persoon,mannelijk,1857
Q37766220,Jan Broeckaert,Persoon,mannelijk,1837
Q2542423,Karel de Gheldere,Persoon,mannelijk,1839
Q2062803,William Henry James Weale,Persoon,mannelijk,1832
Q18533827,Edmond Van der Straeten,Persoon,mannelijk,1826
Q3421496,Amaat Vyncke,Persoon,mannelijk,1850
Q2134167,Louis Gilliodts,Persoon,mannelijk,1827
Q672816,Nicholas Wiseman,Persoon,mannelijk,1802
Q1894475,François Van den Abeele,Persoon,mannelijk,1824
Q2159132,Pieter Lansens,Persoon,mannelijk,1801
Q11071766,Alphonse de Voss,Persoon,mannelijk,1840
Q28973684,Hippoliet Haerynck,Persoon,mannelijk,1858
Q2426280,Lodewijk Van Haecke,Persoon,mannelijk,1829
Q2619202,Leopold Slosse,Persoon,mannelijk,1842
Q13769746,Lodewijk Scharpé,Persoon,mannelijk,1869
Q14101076,Pieter Génard,Persoon,mannelijk,1830
Q1334711,Emmanuel Hiel,Persoon,mannelijk,1834
Q2715338,Charles Delcour,Persoon,mannelijk,1811
Q51168899,Victor Lambrecht,Persoon,mannelijk,1864
Q37793252,Marcel Provence,Persoon,mannelijk,1892
Q2424814,Jan Baptist David,Persoon,mannelijk,1801
Q2345694,Edward De Gryse,Persoon,mannelijk,1848
Q175669,Stijn Streuvels,Persoon,mannelijk,1871
Q2191260,Gustave Waffelaert,Persoon,mannelijk,1847
Q3166510,Johan Joseph Faict,Persoon,mannelijk,1813
Q2457997,Constant Hansen,Persoon,mannelijk,1833
Q2181847,Jeroom Noterdaeme,Persoon,mannelijk,1862
Q586323,Albert Verwey,Persoon,mannelijk,1865
Q21549953,Johannes Franck,Persoon,mannelijk,1854
Q2832059,Albéric Emmanuel Henri Marie Ghislain Ruzette,Persoon,mannelijk,1866
Q2684959,Ferdinand Van de Putte,Persoon,mannelijk,1807
Q2450554,Alphonse De Leyn,Persoon,mannelijk,1839
Q2496044,Gustave Henri Flamen,Persoon,mannelijk,1837
Q55232762,Julius Obrie,Persoon,mannelijk,1849
Q42853596,Jan Baptist Vervliet,Persoon,mannelijk,1855
Q15461013,Frans de Potter,Persoon,mannelijk,1834
Q3163681,Jean-Aloys Van Steenkiste,Persoon,mannelijk,1830
Q571426,Hendrik Kern,Persoon,mannelijk,1833
Q26845752,Alfred Guichon de Grandpont,Persoon,mannelijk,1807
Q1877721,Charles Carton,Persoon,mannelijk,1802
Q42196616,Eugeen de Lepeleer,Persoon,mannelijk,1856
Q6242432,Pieter Willems,Persoon,mannelijk,1840
Q329468,Jan Nolet de Brauwere van Steeland,Persoon,mannelijk,1815
Q13575404,Edward Van Even,Persoon,mannelijk,1821
Q2298746,Aloïs Walgrave,Persoon,mannelijk,1876
Q3431564,Hendrik Sermon,Persoon,mannelijk,1833
Q42306892,Pieter van den Broeck,Persoon,mannelijk,1866
Q3185717,Joseph Van den Gheyn,Persoon,mannelijk,1854
Q4902927,Edmond Van Hee,Persoon,mannelijk,1841
Q15627098,Albany James Christie,Persoon,mannelijk,1817
Q1796639,Rafaël Verhulst,Persoon,mannelijk,1866
Q2580620,Aloïs Nelis,Persoon,mannelijk,1842
Q1978131,Hilaris Allaeys,Persoon,mannelijk,1873
Q961180,Jacob Verdam,Persoon,mannelijk,1845
Q18415039,Philippe Van der Haeghen,Persoon,mannelijk,1825
Q378133,Hendrik Conscience,Persoon,mannelijk,1812
Q2319173,Gerrit Jacob Boekenoogen,Persoon,mannelijk,1868
Q22002048,Pieter Raoux,Persoon,mannelijk,1845
Q18093100,Willem Lodewijk van Helten,Persoon,mannelijk,1849
Q115818781,Leon Verwilghen,Persoon,mannelijk,
Q115979418,Aloysius Vandemaele,Persoon,mannelijk,1834
Q115818009,Louis Goormachtigh,Persoon,mannelijk,1836
Q115979812,August Busschaert,Persoon,mannelijk,1842
Q115979952,Edward Declercq,Persoon,mannelijk,1830
Q115834468,Achilles Bohyn,Persoon,mannelijk,1851
Q115813641,Rijkaart Carette,Persoon,mannelijk,1846
Q110039361,Polydoor Dionysius Daniëls,Persoon,mannelijk,1845
Q115818649,Jozef Roggeman,Persoon,mannelijk,1857
Q115979994,Henricus De Badts,Persoon,mannelijk,1837
Q115839443,Constantinus Van Zieleghem,Persoon,mannelijk,1831
Q56036018,Alexandre Bonvarlet,Persoon,mannelijk,1826
Q115834868,Henri Louis Joseph Messiaen,Persoon,mannelijk,1842
Q111744944,Casper Lambertus van Langenhuijsen,Persoon,mannelijk,1802
Q115104760,Clementia Hiers,Persoon,vrouwelijk,1819
Q115814591,Evarist De Boeck,Persoon,mannelijk,1858
Q115839360,Bruno Van Hove,Persoon,mannelijk,1819
Q115811027,Carolus Ludovicus Crupelant,Persoon,mannelijk,1844
Q115819139,Petrus De Smedt,Persoon,mannelijk,1859
Q115835156,Leonardus Lootens,Persoon,mannelijk,1858
Q76019711,Jonathan Henry Woodward,Persoon,mannelijk,1805
Q113681935,Victor Van Coillie,Persoon,mannelijk,1838
Q115820195,Joseph Axters,Persoon,mannelijk,1850
Q115835531,Augustinus Ghequiere,Persoon,mannelijk,1856
Q115838420,Carolus Van den Broucke,Persoon,mannelijk,1827
Q115835605,Emiel Minne,Persoon,mannelijk,1827
Q113627806,Hendrik Karel Van Doorne,Persoon,mannelijk,1841
Q116460145,Gerrit Pieter Roos,Persoon,mannelijk,1822
Q115813025,Auguste de Laage de Bellefaye,Persoon,mannelijk,1821
Q115836535,Jozef Van Damme,Persoon,mannelijk,1860
Q115831995,Franciscus-Xaverius Ciamberlani,Persoon,mannelijk,1817
Q114081509,Hendrik Persyn,Persoon,mannelijk,1857
Q115836065,Edezius Goormachtigh,Persoon,mannelijk,1843
Q56036059,Alfons Maria Napoleon Prayon-van Zuylen van Nyevelt,Persoon,mannelijk,1848
Q115836217,Pieter Plets,Persoon,mannelijk,1841
Q116508494,Jemima Stroud,Persoon,vrouwelijk,1812
Q115836783,Bruno Joseph Jean Vandale,Persoon,mannelijk,1813
Q115816445,Constantin Lagae,Persoon,mannelijk,1841
Q56036064,Peter Jozef Scherpenseel,Persoon,mannelijk,1842
Q115817919,Charles Louis Goemaere,Persoon,mannelijk,1834
Q56036025,Servaas Domien Daems,Persoon,mannelijk,1838
Q115831919,Octavus D'Hooghe,Persoon,mannelijk,1857
Q115982548,Isidorus Fraeys,Persoon,mannelijk,1846
Q101627274,Juliaan Claerhout,Persoon,mannelijk,1859
Q115844105,Augustin Van Becelaere,Persoon,mannelijk,1820
Q115812384,Bernardus Josephus Colier,Persoon,mannelijk,1819
Q115809464,Theodoor Luyssen,Persoon,mannelijk,1842
Q110039159,Jan Craeynest,Persoon,mannelijk,1858
Q115813874,Jules François De Lorge,Persoon,mannelijk,1848
Q115982545,Franciscus-Xaverius Mervillie,Persoon,mannelijk,1848
Q115837342,Constantinus Roelandts,Persoon,mannelijk,1833
Q115814290,Aimé Erneste Marie Dierick,Persoon,mannelijk,1865
Q115809938,Josephus Charle,Persoon,mannelijk,1823
Q86735347,Louis David Petit,Persoon,mannelijk,1847
Q104643440,Loquela,Persoon,,
Q55672664,Ignace de Coussemaker,Persoon,mannelijk,1842
Q94896539,Hendrik Q. Janssen,Persoon,mannelijk,1812
Q110039260,Jacob Lenaerts,Persoon,mannelijk,1862
Q115833316,Aloysius Farasyn,Persoon,mannelijk,1840
Q115837646,Gustaf François Marie Van Mullem,Persoon,mannelijk,1868
Q113754119,Adolf De Wolf,Persoon,mannelijk,1844
Q115979140,Arsenius Dehulster,Persoon,mannelijk,1847
Q110039180,Placidus Haghebaert,Persoon,mannelijk,1849
Q110039219,Edward Verschelde,Persoon,mannelijk,1841
Q115982585,Carolus Ludovicus Brondel,Persoon,mannelijk,1834
Q114945031,Livinus Bruneel,Persoon,mannelijk,1798
Q110039178,Pieter Baes,Persoon,mannelijk,1848
Q115979029,Casimir Affenaer,Persoon,mannelijk,1826
Q55233295,Charles Van Cauwenberghe,Persoon,mannelijk,1841
Q115818541,Gustave Delescluze,Persoon,mannelijk,1842
Q115806424,Joseph Devos,Persoon,mannelijk,1865
Q121078322,Elisabeth Josèphe Thérèse van den Broeck,Persoon,vrouwelijk,1844
Q118725738,Georges William Gadd,Persoon,mannelijk,1842
Q128904091,Louise Adèle Pauline Van Brabant,Persoon,vrouwelijk,1850
Q119224999,Laura Perkins,Persoon,vrouwelijk,
Q119217729,Achille Croquison,Persoon,mannelijk,1845
Q118792556,Edmund Benedict Hicks,Persoon,mannelijk,1841
Q125535110,August William McDonogh,Persoon,mannelijk,1841
Q119796023,Georges Vincent Eugène Louis Beyaert,Persoon,mannelijk,1856
Q119006339,Samuel Roper,Persoon,mannelijk,1800
Q118142378,Alfons Bouckaert,Persoon,mannelijk,1867
Q117265039,Maria Ludovica Charlotta Lauwers,Persoon,vrouwelijk,1856
Q117265039,Maria Ludovica Charlotta Lauwers,Persoon,vrouwelijk,1868
Q118151362,Victor Leonardus Franciscus Goethals,Persoon,mannelijk,1865
Q119039774,Andries J. Winkler,Persoon,mannelijk,1866
Q118644563,William Crombleholme,Persoon,mannelijk,1825
Q118189985,Georgina Coxon,Persoon,vrouwelijk,1830
Q121053317,Maurice Vander Haeghen,Persoon,mannelijk,1858
Q125472556,Charles Grant Edmonstone,Persoon,mannelijk,1841
Q118612085,Michael Buckley,Persoon,mannelijk,1800
Q119007176,John Joseph Peter Ross,Persoon,mannelijk,1800
Q118998471,Denis Auguste Julien Roger,Persoon,mannelijk,1866
Q15956,Frans Schollaert,Persoon,mannelijk,1851
Q125559455,Medardus Van De Poele,Persoon,mannelijk,1840
Q119217815,Martinus Coune,Persoon,mannelijk,1873
Q118772822,Albert Aimé Marie Vandewalle,Persoon,mannelijk,
Q120514200,Élie Henri Marie Félix de Coussemaker,Persoon,mannelijk,1845
Q125365471,Mathilde Jeanne Marie de Robiano,Persoon,vrouwelijk,1831
Q123050592,Ruth Rose Drew,Persoon,vrouwelijk,1816
Q119860278,Hendrik Claes,Persoon,mannelijk,1849
Q125274323,Valentine Josephine Marie Terrière,Persoon,vrouwelijk,1868
Q120829902,Jules Roose,Persoon,mannelijk,1860
Q123742237,Odilon Van Den Berghe,Persoon,mannelijk,1857
Q125360612,Heloise Geneviève Gruselle,Persoon,vrouwelijk,
Q122915335,Emiel Van Den Berghe,Persoon,mannelijk,
Q120729903,Julien Maurus,Persoon,mannelijk,1843
Q125342034,Maria Helena Pieters,Persoon,vrouwelijk,1877
Q123055332,Jozef Bahri,Persoon,mannelijk,
Q119625085,August Selosse,Persoon,mannelijk,
Q125535061,William Leadbitter,Persoon,mannelijk,1832
Q119637011,Louis Wallays,Persoon,mannelijk,
Q116687284,Agnes Mary Christophers,Persoon,vrouwelijk,1822
Q123615494,Victor Vercruysse,Persoon,mannelijk,1832
Q116508558,Anne Hill,Persoon,vrouwelijk,1811
Q122842204,Mary Louisa Farbrother,Persoon,vrouwelijk,1828
Q120504176,François De Brouwer,Persoon,mannelijk,1846
Q116687401,Thérèse Hubertine Abels,Persoon,vrouwelijk,1842
Q122971209,George Parker,Persoon,mannelijk,1838
Q116687356,Leonie Manceau,Persoon,vrouwelijk,1850
Q122780659,Mary Elizabeth Johnson,Persoon,vrouwelijk,1853
Q116660566,Florence Gezelle,Persoon,vrouwelijk,1847
Q123051567,Agnes Cecilia Young,Persoon,vrouwelijk,
Q125357784,Mary Catherine Cole,Persoon,vrouwelijk,1858
Q117244643,Philomena De Smet,Persoon,vrouwelijk,1840
Q120488044,Prosper Bernard,Persoon,mannelijk,
Q116509612,Francesca Christophers,Persoon,vrouwelijk,1816
Q118189670,Cecilia Sarah De Lisle,Persoon,vrouwelijk,1826
Q122872984,Gustaaf Verheust-Dekeyser,Persoon,mannelijk,1850
Q121078001,Frans Verbeke,Persoon,mannelijk,1860
Q120721942,Edouard Lietaer,Persoon,mannelijk,
Q122790642,Maria Joanna Maes,Persoon,vrouwelijk,1798
Q119690392,Edmond Wallays,Persoon,mannelijk,1842
Q117244596,Hortense Gezelle,Persoon,vrouwelijk,1866
Q121078208,Louis Vercruysse,Persoon,mannelijk,1870
Q123399726,Marie Sophie Joséphine Delva,Persoon,vrouwelijk,1840
Q123554207,Marie Colette Joséphine Caïmo,Persoon,vrouwelijk,1829
Q123417058,Adela Pauline Courtens,Persoon,vrouwelijk,1832
Q116510958,Mary Ann F. Andrewes,Persoon,vrouwelijk,1812
Q123050974,Katherine Wharton,Persoon,vrouwelijk,1853
Q116621171,Elisa Robinson,Persoon,vrouwelijk,1808
Q117244395,Romaan Gislijn Gezelle,Persoon,mannelijk,1832
Q123697088,Edward William Fulker,Persoon,mannelijk,1833
Q122853878,Catherine Simpson Mackenzie,Persoon,vrouwelijk,1830
Q122854006,Jeanne Marie Emilie Colette Ghislaine de Bethune,Persoon,vrouwelijk,1884
Q116689485,Elisabeth Latham,Persoon,vrouwelijk,1863
Q116620970,Teresa Hercy,Persoon,vrouwelijk,1820
Q122971101,Charles Louis Poublon,Persoon,mannelijk,1825
Q116620790,Sophia Elizabeth Peeters,Persoon,vrouwelijk,1833
Q116621328,Mary Lucy Vavasour,Persoon,vrouwelijk,1852
Q120377148,Hendrik Dobbelaere,Persoon,mannelijk,1839
Q120644522,Emile Henri Adolphe Descamps,Persoon,mannelijk,1855
Q120472271,Lawrence Toole,Persoon,mannelijk,1807
Q116621828,Stéphanie Hendryckx,Persoon,vrouwelijk,1839
Q121000890,Theofiel Van Heuverswyn,Persoon,mannelijk,1864
Q119701807,Joseph Cox Algar,Persoon,mannelijk,1819
Q123414712,Maria Juliana Lucia Delbaere,Persoon,vrouwelijk,1845
Q120629807,Vital De Vos,Persoon,mannelijk,
Q125351404,Louisa Maria Anna Verdbois,Persoon,vrouwelijk,1846
Q125246358,Henricus De Vriese,Persoon,mannelijk,1849
Q116656531,Anna Demets,Persoon,vrouwelijk,1842
Q122753360,Marie-Antoinette Pollenus,Persoon,vrouwelijk,1832
Q125516501,Leopold Josephus Marie Nobels,Persoon,mannelijk,
Q136805616,Charles François Joseph Soudan,Persoon,mannelijk,1831
Q136762833,Edmond Antoine Marie Gilleman,Persoon,mannelijk,1856
Q132321245,Esther Martine Eugénie Clémence Marie Ghislaine De Zitter,Persoon,vrouwelijk,1856
Q136759995,Edmond Désiré Deckmyn,Persoon,mannelijk,1842
Q124619468,Amelia Vander Stichele,Persoon,vrouwelijk,1816
Q131957313,Leonie Sophie Marie De Ketelaere,Persoon,vrouwelijk,1850
Q136805839,Jan Ferdinand Tuerlinckx,Persoon,mannelijk,1833
Q136759797,Charles Adolphe De Waele,Persoon,mannelijk,1824
Q122974430,Charles Joseph Pagliano,Persoon,mannelijk,
Q129072389,Marie Mélanie Jeanne Vanackere,Persoon,vrouwelijk,1852
Q15982597,Monica De Vriese,Persoon,vrouwelijk,1804
Q129121545,Oda Verriest,Persoon,vrouwelijk,1832
Q136759863,Carolus Philippus Joannes Marie Josephus de Patin de Langemarck,Persoon,mannelijk,1861
Q136760074,Hendrik Depoorter,Persoon,mannelijk,1863
Q136735429,François Joseph Brondel,Persoon,mannelijk,1840
Q122974373,Clara Andrews,Persoon,vrouwelijk,
Q129069726,Isabelle Marie de Proli,Persoon,vrouwelijk,1821
Q128034737,Maria Euphemia Verbanck,Persoon,vrouwelijk,1855
Q42596,Frédéric Mistral,Persoon,mannelijk,1830
Q126734623,Juliana Spriet,Persoon,vrouwelijk,1830
Q64302,Richard Andree,Persoon,mannelijk,1835
Q136750770,Amandus Cornelius Dequidt,Persoon,mannelijk,1861
Q136747037,Victor Julien Coornaert,Persoon,mannelijk,1855
Q131928167,Marie Flore Joseph Goemaere,Persoon,vrouwelijk,1864
Q136703696,Petrus Alfons Beelaert,Persoon,mannelijk,1864
Q136734381,Roland Joseph De Meester,Persoon,mannelijk,1833
Q131928133,Pelagie Vuylsteke,Persoon,vrouwelijk,1840
Q1280942,Amédée Visart de Bocarmé,Persoon,mannelijk,1835
Q125559890,Henri Van De Wattyne,Persoon,mannelijk,1859
Q122971559,Gustavus Henricus Jochem,Persoon,mannelijk,1833
Q131923924,Amélie Emérentine Joseph Mullier,Persoon,vrouwelijk,1810
Q128903989,Marie Thérèse Joseph Anne Louise Julie Flore Clotilde Roels,Persoon,vrouwelijk,1848
Q117409336,Camille Lateur,Persoon,mannelijk,1841
Q118547498,Zuidnederlandsche Maatschappij van Taalkunde,Persoon,,
Q2059291,Auguste Reyns,Persoon,mannelijk,1849